<?xml version="1.0" encoding="UTF-8"?>
<tour appversion="7.1.10" start="node1" apprev="21009" hassounds="0">
  <panorama id="node1">
    <input levelingpitch="0" overlap="1" levelbiashidpi="1.000" height="1520" width="1520" levelbias="0.400" leveltileurl="tiles/node1/cf_%c/l_%l/c_%x/tile_%y.jpg" leveltilesize="510" levelingroll="0">
      <level height="1520" width="1520" predecode="0" preload="0"/>
      <level height="760" width="760" predecode="0" preload="0"/>
      <level height="380" width="380" predecode="1" preload="1"/>
      <preview strip="1" color="0x808080"/>
    </input>
    <view fovmode="2" pannorth="0">
      <start fov="100.18" projection="4" tilt="6.98" pan="179.94"/>
      <flyin fov="170" projection="9" tilt="-90" pan="0"/>
      <min fovpixel="2" tilt="-90" pan="0"/>
      <max fov="140" fovstereographic="330" scaletofit="1" fovfisheye="360" tilt="90" pan="360"/>
    </view>
    <userdata heading="0" latitude="41.350556" customnodeid="" nodeid="node1" title="IMG_20250925_180131_00_005.insp" comment="" datetime="25.09.2025 18:01" info="" description="IMG_20250925_180131_00_005.insp" copyright="" longitude="69.222139" source="" tags="" author=""/>
    <hotspots height="20" width="180" wordwrap="1" smoothmovement="0">
      <label borderalpha="1" background="1" backgroundalpha="1" height="20" width="180" backgroundcolor="0xffffff" wordwrap="1" border="1" textcolor="0x000000" enabled="1" borderradius="1" bordercolor="0x000000" textalpha="1"/>
      <polystyle borderalpha="1" mode="0" backgroundcolor="0x0000ff" handcursor="1" backgroundalpha="0.25098" bordercolor="0x0000ff"/>
      <hotspot skinid="ht_node" title="" target="-173.8/17.2/117.2" url="{node2}" distance="3.80475" tilt="-12.99" pan="-172.62" description="" id="Point01"/>
    </hotspots>
    <media/>
    <transition zoomafteroutfov="40" zoomoutpause="1" zoomspeed="2" zoomafterinfov="140" zoomout="0" delay="none" enabled="1" blendcolor="0x000000" blendtime="1" type="crossdissolve" softedge="0" zoomin="0" zoomfov="40"/>
    <animation syncanimationwithvideo="0" useinautorotation="0" animsequence="Animation01" clipsrandom="0"/>
    <control lockedwheel="0" zoomcentercursor="1" lockedkeyboardzoom="0" lockedkeyboard="0" invertcontrol="1" rubberband="0" contextvr="1" simulatemass="1" contextprojections="0" sensitivity="8" hideabout="0" invertwheel="0" lockedmouse="0" speedwheel="1" dblclickfullscreen="0" contextfullscreen="1"/>
  </panorama>
  <panorama id="node2">
    <input levelingpitch="0" overlap="1" levelbiashidpi="1.000" height="1520" width="1520" levelbias="0.400" leveltileurl="tiles/node2/cf_%c/l_%l/c_%x/tile_%y.jpg" leveltilesize="510" levelingroll="0">
      <level height="1520" width="1520" predecode="0" preload="0"/>
      <level height="760" width="760" predecode="0" preload="0"/>
      <level height="380" width="380" predecode="1" preload="1"/>
      <preview strip="1" color="0x808080"/>
    </input>
    <view fovmode="2" pannorth="0">
      <start fov="117.22" projection="4" tilt="17.58" pan="-173.79"/>
      <flyin fov="170" projection="9" tilt="-90" pan="0"/>
      <min fovpixel="2" tilt="-90" pan="0"/>
      <max fov="140" fovstereographic="330" scaletofit="1" fovfisheye="360" tilt="90" pan="360"/>
    </view>
    <userdata heading="0" latitude="41.350583" customnodeid="" nodeid="node2" title="IMG_20250925_180314_00_010.insp" comment="" datetime="25.09.2025 18:03" info="" description="IMG_20250925_180314_00_010.insp" copyright="" longitude="69.222167" source="" tags="" author=""/>
    <hotspots height="20" width="180" wordwrap="1" smoothmovement="0">
      <label borderalpha="1" background="1" backgroundalpha="1" height="20" width="180" backgroundcolor="0xffffff" wordwrap="1" border="1" textcolor="0x000000" enabled="1" borderradius="1" bordercolor="0x000000" textalpha="1"/>
      <polystyle borderalpha="1" mode="0" backgroundcolor="0x0000ff" handcursor="1" backgroundalpha="0.25098" bordercolor="0x0000ff"/>
      <hotspot skinid="ht_node" title="" target="" url="{node1}" distance="3.80475" tilt="-1.77" pan="-333.79" description="" id="Point01"/>
      <hotspot skinid="ht_node" title="" target="" url="{node3}" distance="81.4565" tilt="-3.79" pan="-87.42" description="" id="Point02"/>
    </hotspots>
    <media/>
    <transition zoomafteroutfov="40" zoomoutpause="1" zoomspeed="2" zoomafterinfov="140" zoomout="0" delay="none" enabled="1" blendcolor="0x000000" blendtime="1" type="crossdissolve" softedge="0" zoomin="0" zoomfov="40"/>
    <animation syncanimationwithvideo="0" useinautorotation="0" animsequence="Animation01" clipsrandom="0"/>
    <control lockedwheel="0" zoomcentercursor="1" lockedkeyboardzoom="0" lockedkeyboard="0" invertcontrol="1" rubberband="0" contextvr="1" simulatemass="1" contextprojections="0" sensitivity="8" hideabout="0" invertwheel="0" lockedmouse="0" speedwheel="1" dblclickfullscreen="0" contextfullscreen="1"/>
  </panorama>
  <panorama id="node3">
    <input levelingpitch="0" overlap="1" levelbiashidpi="1.000" height="1520" width="1520" levelbias="0.400" leveltileurl="tiles/node3/cf_%c/l_%l/c_%x/tile_%y.jpg" leveltilesize="510" levelingroll="0">
      <level height="1520" width="1520" predecode="0" preload="0"/>
      <level height="760" width="760" predecode="0" preload="0"/>
      <level height="380" width="380" predecode="1" preload="1"/>
      <preview strip="1" color="0x808080"/>
    </input>
    <view fovmode="2" pannorth="0">
      <start fov="117.22" projection="4" tilt="-1.94" pan="2.22"/>
      <flyin fov="170" projection="9" tilt="-90" pan="0"/>
      <min fovpixel="2" tilt="-90" pan="0"/>
      <max fov="140" fovstereographic="330" scaletofit="1" fovfisheye="360" tilt="90" pan="360"/>
    </view>
    <userdata heading="0" latitude="41.350639" customnodeid="" nodeid="node3" title="IMG_20250925_180535_00_013.insp" comment="" datetime="25.09.2025 18:05" info="" description="IMG_20250925_180535_00_013.insp" copyright="" longitude="69.221194" source="" tags="" author=""/>
    <hotspots height="20" width="180" wordwrap="1" smoothmovement="0">
      <label borderalpha="1" background="1" backgroundalpha="1" height="20" width="180" backgroundcolor="0xffffff" wordwrap="1" border="1" textcolor="0x000000" enabled="1" borderradius="1" bordercolor="0x000000" textalpha="1"/>
      <polystyle borderalpha="1" mode="0" backgroundcolor="0x0000ff" handcursor="1" backgroundalpha="0.25098" bordercolor="0x0000ff"/>
      <hotspot skinid="ht_node" title="" target="" url="{node2}" distance="81.4565" tilt="-0.43" pan="-177.71" description="" id="Point01"/>
      <hotspot skinid="ht_node" title="" target="166.9/4.5/117.2" url="{node4}" distance="9.24129" tilt="-2.87" pan="-356.68" description="" id="Point02"/>
    </hotspots>
    <media/>
    <transition zoomafteroutfov="40" zoomoutpause="1" zoomspeed="2" zoomafterinfov="140" zoomout="0" delay="none" enabled="1" blendcolor="0x000000" blendtime="1" type="crossdissolve" softedge="0" zoomin="0" zoomfov="40"/>
    <animation syncanimationwithvideo="0" useinautorotation="0" animsequence="Animation01" clipsrandom="0"/>
    <control lockedwheel="0" zoomcentercursor="1" lockedkeyboardzoom="0" lockedkeyboard="0" invertcontrol="1" rubberband="0" contextvr="1" simulatemass="1" contextprojections="0" sensitivity="8" hideabout="0" invertwheel="0" lockedmouse="0" speedwheel="1" dblclickfullscreen="0" contextfullscreen="1"/>
  </panorama>
  <panorama id="node4">
    <input levelingpitch="0" overlap="1" levelbiashidpi="1.000" height="1520" width="1520" levelbias="0.400" leveltileurl="tiles/node4/cf_%c/l_%l/c_%x/tile_%y.jpg" leveltilesize="510" levelingroll="0">
      <level height="1520" width="1520" predecode="0" preload="0"/>
      <level height="760" width="760" predecode="0" preload="0"/>
      <level height="380" width="380" predecode="1" preload="1"/>
      <preview strip="1" color="0x808080"/>
    </input>
    <view fovmode="2" pannorth="0">
      <start fov="117.22" projection="4" tilt="8.63" pan="172.7"/>
      <flyin fov="170" projection="9" tilt="-90" pan="0"/>
      <min fovpixel="2" tilt="-90" pan="0"/>
      <max fov="140" fovstereographic="330" scaletofit="1" fovfisheye="360" tilt="90" pan="360"/>
    </view>
    <userdata heading="0" latitude="41.350694" customnodeid="" nodeid="node4" title="IMG_20250925_180810_00_017.insp" comment="" datetime="25.09.2025 18:08" info="" description="IMG_20250925_180810_00_017.insp" copyright="" longitude="69.221111" source="" tags="" author=""/>
    <hotspots height="20" width="180" wordwrap="1" smoothmovement="0">
      <label borderalpha="1" background="1" backgroundalpha="1" height="20" width="180" backgroundcolor="0xffffff" wordwrap="1" border="1" textcolor="0x000000" enabled="1" borderradius="1" bordercolor="0x000000" textalpha="1"/>
      <polystyle borderalpha="1" mode="0" backgroundcolor="0x0000ff" handcursor="1" backgroundalpha="0.25098" bordercolor="0x0000ff"/>
      <hotspot skinid="ht_node" title="" target="" url="{node3}" distance="9.24129" tilt="-0.32" pan="-263.29" description="" id="Point01"/>
    </hotspots>
    <media/>
    <transition zoomafteroutfov="40" zoomoutpause="1" zoomspeed="2" zoomafterinfov="140" zoomout="0" delay="none" enabled="1" blendcolor="0x000000" blendtime="1" type="crossdissolve" softedge="0" zoomin="0" zoomfov="40"/>
    <animation syncanimationwithvideo="0" useinautorotation="0" animsequence="Animation01" clipsrandom="0"/>
    <control lockedwheel="0" zoomcentercursor="1" lockedkeyboardzoom="0" lockedkeyboard="0" invertcontrol="1" rubberband="0" contextvr="1" simulatemass="1" contextprojections="0" sensitivity="8" hideabout="0" invertwheel="0" lockedmouse="0" speedwheel="1" dblclickfullscreen="0" contextfullscreen="1"/>
  </panorama>
  <masternode>
    <userdata description="" copyright="" title="" comment="" tags="" author=""/>
    <animationsequences>
      <sequence title="Animation01"/>
    </animationsequences>
  </masternode>
</tour>
